playerID,SUM(b.H),SUM(b.HR),SUM(b.RBI),SUM(P.SO),AVG(P.ERA),inducted
paborch01,612,0,243,0,6.25,N
spaldal01,4291,14,2289,1136,2.3842856884002686,Y
wrighha01,888,16,444,112,3.824999988079071,Y
cummica01,1362,0,642,780,2.611666719118754,Y
bondto01,5181,0,1914,9669,2.9563636671413076,N
galvipu01,9384,85,3740,30702,3.001764746273265,Y
mcveyca01,3476,44,1792,441,4.412499904632568,N
wrighge01,1734,22,660,144,1.125,Y
barnero01,859,6,350,0,20.25,N
whitede01,4132,46,1954,60,4.5,Y
battijo01,878,6,286,12,3.5799999237060547,N
whitewi01,8130,30,3330,31230,2.8549999952316285,N
allisdo01,381,2,140,0,1.7999999523162842,N
wardjo01,14728,182,6069,15640,2.318571465356009,Y
broutda01,4592,212,2592,160,18.53500008583069,Y
richmle01,1572,18,678,3312,3.768333355585734,N
keefeti01,5850,180,2010,38430,2.8579999923706056,Y
kellyki01,12691,483,6650,72,3.3114285469055176,Y
stoveha01,5313,366,2724,112,13.5,N
welchmi01,6396,156,2626,24050,3.7330769025362454,Y
radboch01,6435,99,2849,21960,2.890909097411416,Y
willine01,8113,448,4669,91,6.285714285714286,N
clarkjo01,5616,312,3016,25714,3.0230769102389994,Y
comisch01,4590,87,2649,78,0.75,Y
ewingbu01,9750,426,5298,414,4.2083333532015486,Y
ansonca01,6836,194,4152,27,9,Y
orourji01,5286,124,2406,92,4.634999871253967,Y
dunlafr01,2318,82,732,28,9,N
glassja01,8160,108,3300,60,14.850000023841858,N
mccarto01,8976,264,4410,273,4.945000012715657,Y
odayha01,1240,8,368,5304,3.6437499970197678,Y
tennefr01,60,0,0,84,1.7199999690055847,N
richaha01,3376,140,1644,90,3.375,N
kilroma01,2360,10,1030,11700,4.0160000085830685,N
vanhage01,22788,621,9126,5058,4.866666714350383,N
dennyje01,1286,74,667,15,9,N
gleaski01,69984,540,29628,68448,4.441111087799072,N
rusieam01,4280,80,1760,19340,3.7210000276565554,Y
burkeje01,8550,225,2856,1344,6.356666723887126,Y
nichoki01,7536,256,4448,29888,3.4706249982118607,Y
youngcy01,14329,414,6670,64469,2.7139130416123765,Y
breitte01,3201,44,1386,9779,4.06000000780279,N
davisge01,2660,73,1437,80,15.75,Y
griffcl01,6741,168,3486,21010,3.31333335240682,Y
lowebo01,5787,213,2952,0,9,N
peitzhe01,3351,48,1680,48,7.426666736602783,N
tanneje01,11552,160,4512,30080,3.408125013113022,N
wallabo01,9236,136,4484,3000,3.1550000309944153,Y
frasech01,3525,45,1440,16470,3.455333360036214,N
seymocy01,10338,312,4794,10512,5.4116666714350385,N
bresnro01,3756,78,1590,270,3.3166666825612388,Y
dunnja01,10719,27,4428,5130,6.146666606267293,N
sparktu01,1183,0,533,10114,3.692307710647583,N
wadderu01,2408,56,1162,32424,2.9014285802841187,Y
altroni01,13968,288,3888,71400,4.182222214010027,N
dinnebi01,17082,78,4680,87906,3.173076941416814,N
donovbi01,22590,630,8370,139680,2.8272222214274936,N
leevesa01,2379,26,1014,11011,2.4761538413854747,N
willivi01,3224,13,1092,21463,2.681538435129019,Y
chesbja01,2604,60,984,15180,3.1983333925406137,Y
donlimi01,10256,408,4344,336,3.815000057220459,N
hahnno01,1032,16,416,7336,2.709999978542328,N
mcginjo01,2761,0,990,11748,2.6609091000123457,Y
phillde01,9620,156,4680,48308,3.583076917208158,N
mathech01,6516,126,2970,45036,2.6488888594839306,Y
wagneho01,6830,202,3464,126,0,Y
bradlbi01,8826,198,3312,0,0,N
mcaleji01,1007,12,469,0,0,N
planked01,5627,51,2074,38182,2.3411764537586883,Y
becklja01,2930,86,1575,44,6.75,Y
coaklan01,420,0,60,4280,4.353000020980835,N
jossad01,1062,9,459,8280,1.9155555698606703,Y
bendech01,3888,96,1856,27376,3.4443749859929085,Y
brownmo01,3525,30,1110,20625,2.3700000047683716,Y
falkecy01,1638,14,658,16296,2.8499999897820607,N
camniho01,1104,12,384,10980,2.989166667064031,N
raymobu01,252,0,84,2406,2.7266666293144226,N
walshed01,2940,42,952,24304,2.117857141154153,Y
tennefr02,11155,110,3440,0,4.5,N
adamsba01,61560,855,21375,295260,3.7336842009895728,N
coombja01,18270,280,7000,73640,3.491428562573024,N
johnswa01,11487,504,5355,73689,2.348095241047087,Y
ruckena01,10990,70,3080,85190,2.425,N
chaseha01,4316,114,1882,0,0,N
cranddo01,2783,99,1386,7272,5.069090908223933,N
marquru01,3762,19,1216,30267,3.3931578899684705,Y
woodjo02,54747,2277,32175,124614,3.8654545437205923,N
quinnja01,23808,768,10848,127584,3.377083341280619,N
rudoldi01,3406,52,1456,20436,3.636153844686655,N
alexape01,7938,231,3423,46158,2.9723809900737943,Y
perduhu01,504,0,120,3804,4.148333350817363,N
smithsh01,2475,90,900,6420,7.021999986966451,N
toneyfr01,1534,39,611,9334,3.11000002347506,N
bushjo01,5947,133,2603,25061,4.736315789975618,N
coopewi01,42192,864,15264,180288,3.435000002384186,N
covelst01,2352,14,1134,13734,3.1357142499514987,Y
doakbi01,1955,17,510,17238,3.660588222391465,N
pennohe01,5336,92,2369,28221,4.056086996327275,Y
rixeyep01,6111,63,2331,28350,3.2376190537498113,Y
schaege01,3888,36,1232,0,27,N
hoopeha01,2466,75,817,0,0,Y
lewisdu01,13662,342,7137,99,18,N
faberre01,3400,60,1400,29420,3.2250000059604647,Y
jonessa01,16170,396,6534,80718,3.8336364139210093,N
luquedo01,42660,900,16200,203400,3.2595000326633454,N
oeschjo01,1485,0,615,8025,3.9739999612172445,N
ruthba01,28730,7140,22170,10736,3.6800000190734865,Y
speaktr01,3514,117,1529,0,9,Y
cadorle01,1012,55,495,4895,4.813636302947998,N
ehmkeho01,30240,0,10512,148320,4.3056249767541885,N
maysca01,4656,80,1760,13792,3.1425000056624413,N
meadole01,3417,85,1275,18071,4.762352985494277,N
nehfar01,38016,1584,15048,167112,3.641666683885786,N
ricesa01,5974,68,2156,240,2.475000023841858,Y
sislege01,19684,714,8225,1008,1.189999989100865,Y
vanceda01,2628,126,1350,36810,4.659444464577569,Y
grimebu01,8740,46,3864,34776,3.9530434815779976,Y
scottja01,2431,65,949,8541,4.613076971127437,N
shockur01,10855,65,4550,63895,2.803076909138606,N
kellyge01,1778,148,1020,36,0,Y
ringji01,1440,48,684,10020,4.299999992052714,N
cobbty01,8378,234,3874,0,2.25,Y
haineje01,3971,57,1501,18639,3.639473689229865,Y
hoytwa01,6375,0,2500,30150,3.770400018692017,Y
sherdbi01,32742,1377,13158,128367,3.621764701955459,N
veachbo01,2063,64,1166,0,4.5,N
zachato01,12192,288,5376,34560,6.184166630109151,N
kerrdi01,2640,0,924,10340,4.0299999713897705,N
odoulle01,45600,4520,21680,2280,4.329999923706055,N
schacal01,120,0,48,456,3.9133334159851074,N
uhlege01,22401,513,10659,64695,6.015789496271234,N
rommeed01,17056,104,6136,62296,3.6223077223851132,N
dyered01,210,12,78,378,7.478333353996277,N
dykesji01,24816,1188,11781,0,4.5,N
fonsele01,5375,155,2425,0,0,N
pikeli01,637,20,332,NULL,NULL,N
remseja01,574,8,199,NULL,NULL,N
flintsi01,687,21,295,NULL,NULL,N
bennech01,978,55,533,NULL,NULL,N
connoro01,2467,138,1322,NULL,NULL,Y
hanlone01,1317,30,517,NULL,NULL,Y
lathaar01,5499,81,1689,NULL,NULL,N
mcphebi01,2250,53,1067,NULL,NULL,Y
zimmech01,1224,26,625,NULL,NULL,N
thompsa01,1979,127,1299,NULL,NULL,Y
mackco01,659,5,265,NULL,NULL,Y
robinwi01,1388,18,722,NULL,NULL,Y
crossla01,5290,94,2742,NULL,NULL,N
delahed01,2596,101,1464,NULL,NULL,Y
duffyhu01,2282,106,1302,NULL,NULL,Y
hamilbi01,2158,40,736,NULL,NULL,Y
doyleja01,1806,26,968,NULL,NULL,N
longhe01,12762,546,6330,NULL,NULL,N
dahlebi01,4914,168,2466,NULL,NULL,N
jennihu01,1527,18,840,NULL,NULL,Y
kellejo01,2220,65,1194,NULL,NULL,Y
mcgrajo01,1309,13,462,NULL,NULL,Y
keelewi01,2932,33,810,NULL,NULL,Y
irwinch01,1962,32,976,NULL,NULL,N
langebi01,2110,78,1156,NULL,NULL,N
clarkfr01,2672,67,1015,NULL,NULL,Y
colliji01,1999,65,983,NULL,NULL,Y
davisha01,3682,150,1902,NULL,NULL,N
bergema01,1017,30,528,NULL,NULL,N
crigelo01,4254,66,2052,NULL,NULL,N
jonesfi01,9600,105,3155,NULL,NULL,N
lajoina01,3242,83,1599,NULL,NULL,Y
ritchcl01,1618,18,673,NULL,NULL,N
schreos01,2487,27,1014,NULL,NULL,N
sheckji01,6252,168,2439,NULL,NULL,N
chancfr01,1273,20,596,NULL,NULL,Y
elberki01,6175,50,2675,NULL,NULL,N
flickel01,1752,48,756,NULL,NULL,Y
leachto01,4286,126,1620,NULL,NULL,N
steinha01,4728,81,2286,NULL,NULL,N
beaumgi01,7036,156,2468,NULL,NULL,N
crawfsa01,2961,97,1525,NULL,NULL,Y
sullibi03,2331,63,1134,NULL,NULL,N
klingjo01,10359,180,4617,NULL,NULL,N
murphda02,3126,88,1404,NULL,NULL,N
conrowi01,1257,22,452,NULL,NULL,N
jordati01,474,32,232,NULL,NULL,N
mcleala01,694,6,298,NULL,NULL,N
moranpa01,2472,72,1048,NULL,NULL,N
turnete01,1499,8,528,NULL,NULL,N
dooinre01,1922,20,688,NULL,NULL,N
eversjo01,1659,12,538,NULL,NULL,Y
tinkejo01,1687,31,782,NULL,NULL,Y
loberha01,5008,128,1928,NULL,NULL,N
stahlja01,1788,62,874,NULL,NULL,N
archeji01,1980,48,888,NULL,NULL,N
huggimi01,1474,9,318,NULL,NULL,Y
mageesh01,17352,664,9408,NULL,NULL,N
olearch01,2193,9,639,NULL,NULL,N
schulfr01,1766,92,792,NULL,NULL,N
streega01,936,6,315,NULL,NULL,N
granted01,4220,25,1385,NULL,NULL,N
hinchbi01,793,20,369,NULL,NULL,N
knabeot01,2206,16,730,NULL,NULL,N
rickebr01,82,3,39,NULL,NULL,Y
carribi02,2024,24,940,NULL,NULL,N
collied01,3315,47,1300,NULL,NULL,Y
murrare01,2340,74,1158,NULL,NULL,N
thomair01,327,3,155,NULL,NULL,N
doylela01,5661,222,2379,NULL,NULL,N
mckecbi01,713,8,240,NULL,NULL,Y
milancl01,14700,119,4319,NULL,NULL,N
paskedo01,1613,42,577,NULL,NULL,N
sweenbi02,1004,11,389,NULL,NULL,N
bakerfr01,1838,96,987,NULL,NULL,Y
barryja01,2018,20,858,NULL,NULL,N
bushdo01,10824,54,2616,NULL,NULL,N
cravaga01,5670,595,3595,NULL,NULL,N
herzobu01,1370,20,445,NULL,NULL,N
jacksjo01,3544,108,1570,NULL,NULL,N
austiji01,1328,13,390,NULL,NULL,N
fletcar01,12272,256,5400,NULL,NULL,N
killebi01,751,4,240,NULL,NULL,N
mcinnst01,16835,140,7441,NULL,NULL,N
milledo02,1526,32,715,NULL,NULL,N
wheatza01,2884,132,1248,NULL,NULL,Y
yerkest02,676,6,254,NULL,NULL,N
careyma01,2665,70,800,NULL,NULL,Y
collish01,1687,22,709,NULL,NULL,N
daubeja01,13956,336,4332,NULL,NULL,N
fosteed02,1490,6,451,NULL,NULL,N
gowdyha01,12546,357,5474,NULL,NULL,N
peckiro01,16884,432,6660,NULL,NULL,N
bodiepi01,2022,86,1032,NULL,NULL,N
burnsge01,10385,205,3055,NULL,NULL,N
oneilst01,8813,91,3759,NULL,NULL,N
severha01,1245,17,539,NULL,NULL,N
chapmra01,1053,17,364,NULL,NULL,N
gonzami01,3585,65,1315,NULL,NULL,N
grohhe01,14192,208,4528,NULL,NULL,N
maranra01,2605,28,884,NULL,NULL,Y
roberda01,812,47,364,NULL,NULL,N
schalra01,1345,11,594,NULL,NULL,Y
stengca01,1219,60,535,NULL,NULL,Y
willicy01,25753,3263,13065,NULL,NULL,N
hargrbu01,2358,87,1128,NULL,NULL,N
pippwa01,1941,90,998,NULL,NULL,N
roushed01,2376,68,981,NULL,NULL,Y
schanwa01,7530,295,3550,NULL,NULL,N
southbi01,1296,52,561,NULL,NULL,Y
cruiswa01,644,30,272,NULL,NULL,N
heilmha01,2660,183,1539,NULL,NULL,Y
scottev01,20370,280,7714,NULL,NULL,N
wambsbi01,8154,42,3120,NULL,NULL,N
bancrda01,2004,32,591,NULL,NULL,Y
hornsro01,2930,301,1584,NULL,NULL,Y
judgejo01,16464,497,7238,NULL,NULL,N
ofarrbo01,3360,153,1647,NULL,NULL,N
perkicy01,933,30,409,NULL,NULL,N
ruelmu01,12420,40,5340,NULL,NULL,N
willike01,3104,392,1826,NULL,NULL,N
bigbeca01,1205,17,324,NULL,NULL,N
grimmch01,27588,948,12936,NULL,NULL,N
milleha01,387,38,205,NULL,NULL,N
wittwh01,1195,18,302,NULL,NULL,N
duganjo01,10612,294,3997,NULL,NULL,N
youngro01,1491,42,592,NULL,NULL,Y
mostijo01,2108,46,752,NULL,NULL,N
friscfr01,2880,105,1244,NULL,NULL,Y
harribu01,1297,9,506,NULL,NULL,Y
smithea02,1372,92,710,NULL,NULL,N
mcmanma01,3852,240,1998,NULL,NULL,N
meusebo01,18623,1716,11748,NULL,NULL,N
seweljo01,2226,49,1055,NULL,NULL,Y
traynpi01,2416,58,1273,NULL,NULL,Y
bluelu01,1696,44,695,NULL,NULL,N
cuyleki01,2299,128,1065,NULL,NULL,Y
gosligo01,2735,248,1609,NULL,NULL,Y
millebi02,3868,232,1984,NULL,NULL,N
sewellu01,5572,80,2784,NULL,NULL,N
stephri01,6060,252,3092,NULL,NULL,N
adamssp01,3176,18,788,NULL,NULL,N
bladera01,1452,100,680,NULL,NULL,N
bluegos01,10506,258,5088,NULL,NULL,N
bottoji01,2313,219,1422,NULL,NULL,Y
ensje01,54,1,24,NULL,NULL,N
pruethu01,1260,0,420,12495,4.531428609575544,N
bentola01,1830,30,630,10050,4.604666646321615,N
bushgu01,2574,0,936,15300,4.011666668785943,N
ellioju01,748,44,407,4983,7.521818161010742,N
lucasre01,18180,135,8550,28896,3.5553333600362143,N
lyonste01,7644,105,3129,22533,3.7552380788893926,Y
marbefi01,9600,75,4875,61650,3.43066668510437,N
rootch01,19992,1122,9486,148818,3.78529411203721,N
walberu01,5184,128,2688,34720,4.61437501013279,N
whiteea01,17952,272,6664,91800,4.387646969626932,N
kremera01,2440,100,1380,10320,4.3850000381469725,N
ruffire01,11983,828,6279,45701,4.017826101054316,Y
fitzsfr01,32340,1960,14420,121800,4.156499993801117,N
grovele01,3434,255,2057,38522,3.264117619570564,Y
hallabi01,4680,104,1664,44512,4.31384616631728,N
crowdal01,4592,0,1652,22372,4.585000055176871,N
ferrewe01,33558,3876,21216,100470,5.955294146257288,N
earnsge01,8910,165,3850,55110,5.028181812979958,N
hardeme01,51740,1040,24180,301600,4.062500011920929,N
hubbeca01,3936,64,1616,26832,3.1362499818205833,Y
newsobo01,95381,377,38454,784914,4.087241337217134,N
wyattwh01,2261,119,1173,14824,4.54058825268465,N
bridgto01,20272,0,8064,187488,3.7206249833106995,N
deandi01,1932,96,912,13956,3.9366666674613953,Y
gomezle01,1862,0,812,20552,3.9285714626312256,Y
warnelo01,17200,320,7760,91200,5.138125017285347,N
derripa01,24640,224,11424,168784,3.531249985098839,N
mungova01,9744,0,4144,69552,3.566428576196943,N
schumha02,16471,1365,9282,82446,3.9630769399496226,N
allenjo02,1860,60,960,16050,3.765333350499471,N
pearsmo01,1170,20,620,7030,4.6089999914169315,N
sewelri01,5928,234,2301,24804,4.256153858624971,N
leonadu02,24780,0,9660,163800,3.3175000309944154,N
rowesc01,15296,1152,9792,58432,3.94062502682209,N
daviscu01,2475,165,1215,10260,4.25,N
martipe01,36810,1770,15030,0,2.25,N
waltebu01,121635,5865,59670,348705,3.512352971469655,N
kressre01,5816,356,3196,204,12.490000247955322,N
mulcahu01,576,0,189,2826,4.288888904783461,N
fellebo01,3474,144,1782,46458,3.3822221888436212,Y
chandsp01,6050,495,2475,33770,3.202727285298434,N
tobinji01,1830,170,1020,4980,3.4949999809265138,N
turneji01,870,10,220,3290,3.884000062942505,N
vandejo01,18928,182,4732,235508,4.705384621253381,N
coopemo01,6604,312,3536,47476,3.040769228568444,N
cramedo01,13525,185,4210,100,4.5,N
roepr01,4896,72,2016,68832,4.5091666380564375,N
foxxji01,5292,1068,3844,231,0.7950000166893005,Y
hutchfr01,3420,80,1660,13002,3.810000014305115,N
moorete01,10544,640,4104,88,0,N
newhoha01,3417,34,1377,30532,3.371764715980081,Y
troutdi01,3280,320,1760,20096,8.399999991059303,N
gelbech01,3064,68,1400,44,9,N
chapmbe01,15664,720,7816,2470,4.1600000858306885,N
grantge01,1508,105,712,NULL,NULL,N
hartnga01,1912,236,1179,NULL,NULL,Y
jackstr01,1768,135,929,NULL,NULL,Y
bergmo01,882,12,412,NULL,NULL,N
gehrilo01,2721,493,1995,NULL,NULL,Y
kammwi01,3286,58,1652,NULL,NULL,N
leachfr01,2294,144,1018,NULL,NULL,N
manushe01,2524,110,1183,NULL,NULL,Y
terrybi01,2193,154,1078,NULL,NULL,Y
wilsoha01,1461,244,1063,NULL,NULL,Y
wilsoji01,16296,384,7452,NULL,NULL,N
bishoma01,4864,164,1516,NULL,NULL,N
combsea01,1866,58,632,NULL,NULL,Y
critzhu01,1591,38,531,NULL,NULL,N
gehrich01,2839,184,1427,NULL,NULL,Y
hafeych01,1466,164,833,NULL,NULL,Y
lindsfr01,1747,103,779,NULL,NULL,Y
simmoal01,2927,307,1827,NULL,NULL,Y
theveto01,1030,2,456,NULL,NULL,N
wrighgl01,14628,1128,8676,NULL,NULL,N
berrych02,1078,46,512,NULL,NULL,N
cochrmi01,1652,119,832,NULL,NULL,Y
durocle01,1320,24,567,NULL,NULL,Y
haasmu01,5028,172,1984,NULL,NULL,N
myerbu01,2131,38,850,NULL,NULL,N
cronijo01,2285,170,1424,NULL,NULL,Y
hermaba01,21816,2172,11964,NULL,NULL,N
lazzeto01,1840,178,1191,NULL,NULL,Y
ottme01,2876,511,1860,NULL,NULL,Y
sukefcl01,326,2,96,NULL,NULL,N
wanerpa01,3152,113,1309,NULL,NULL,Y
bartedi01,8660,316,2840,NULL,NULL,N
boleyjo01,478,7,227,NULL,NULL,N
wanerll01,2459,27,598,NULL,NULL,Y
westsa01,1838,75,838,NULL,NULL,N
cissebi01,990,29,423,NULL,NULL,N
davissp01,2624,154,1294,NULL,NULL,N
dickebi01,1969,202,1209,NULL,NULL,Y
kleinch01,2076,300,1201,NULL,NULL,Y
lopezal01,1547,51,652,NULL,NULL,Y
mancugu01,1194,53,543,NULL,NULL,N
averiea01,2019,238,1164,NULL,NULL,Y
ferreri01,1692,28,734,NULL,NULL,Y
applilu01,2749,45,1116,NULL,NULL,Y
bergewa01,3100,484,1796,NULL,NULL,N
cuccito01,3458,188,1768,NULL,NULL,N
greenha01,1628,331,1276,NULL,NULL,Y
higgipi01,7764,560,4300,NULL,NULL,N
kuheljo01,2212,131,1049,NULL,NULL,N
moorejo02,1615,79,513,NULL,NULL,N
suhrgu01,4338,252,2454,NULL,NULL,N
werbebi01,5452,312,2156,NULL,NULL,N
hermabi01,2345,47,839,NULL,NULL,Y
jurgebi01,3226,86,1312,NULL,NULL,N
lombaer01,1792,190,990,NULL,NULL,Y
rolfere01,11152,552,3976,NULL,NULL,N
walkedi02,8256,420,4092,NULL,NULL,N
crosefr01,9246,588,3894,NULL,NULL,N
hackst01,15351,399,4494,NULL,NULL,N
medwijo01,2471,205,1383,NULL,NULL,Y
vaughar01,2103,96,926,NULL,NULL,Y
camildo01,5928,956,3800,NULL,NULL,N
danniha01,1694,114,794,NULL,NULL,N
johnsbo01,4102,576,2566,NULL,NULL,N
whitebu01,883,17,245,NULL,NULL,N
youngpe01,645,32,347,NULL,NULL,N
cavarph01,27678,1330,12880,NULL,NULL,N
conlajo01,96,0,31,NULL,NULL,Y
galanau01,3412,200,1660,NULL,NULL,N
lavagco01,1890,80,972,NULL,NULL,N
mccorfr01,6844,512,3804,NULL,NULL,N
selkige01,4860,648,3456,NULL,NULL,N
yorkru01,3242,554,2304,NULL,NULL,N
moseswa01,12828,534,4074,NULL,NULL,N
alstowa01,0,0,0,NULL,NULL,Y
dimagjo01,2214,361,1537,NULL,NULL,Y
mizejo01,2011,359,1337,NULL,NULL,Y
nichobi01,1484,235,948,NULL,NULL,N
tebbebi01,2000,76,938,NULL,NULL,N
casege01,5660,84,1508,NULL,NULL,N
doerrbo01,2042,223,1247,NULL,NULL,Y
henrito01,12970,1830,7950,NULL,NULL,N
keltnke01,3140,326,1704,NULL,NULL,N
boudrlo01,1779,68,789,NULL,NULL,Y
chapmsa01,1329,180,773,NULL,NULL,N
gordojo01,1530,253,975,NULL,NULL,Y
slaugen01,2383,169,1304,NULL,NULL,Y
elliobo01,6183,510,3585,NULL,NULL,N
gustifr01,1214,38,480,NULL,NULL,N
kellech01,11935,2079,8360,NULL,NULL,N
sistisi01,732,27,260,NULL,NULL,N
vernomi01,39920,2752,20976,NULL,NULL,N
wynnea01,8395,391,3979,53682,3.5708695961081465,Y
brechha01,10836,168,3696,75684,2.7041666309038797,N
groveor01,960,20,380,7480,9.597999978065491,N
willite01,2654,521,1839,19,4.5,Y
gromest01,2232,0,720,16272,3.9550000031789145,N
truckvi01,3249,38,1330,29146,3.6099999829342493,N
whiteha01,481,0,91,4537,5.076153755187988,N
blackew01,2541,33,726,27687,3.8590909405188127,N
reynoal01,27300,195,15405,277485,3.0707692366379957,N
sainjo01,24700,390,13130,118300,3.9338461619157057,N
spahnwa01,7986,770,4158,56826,3.2777272679589013,Y
lopated01,12155,325,5005,55835,3.2815384681408224,N
houttar01,1386,28,518,8946,5.850714223725455,N
maglisa01,2128,56,812,24136,3.3171428612300327,N
piercbi02,18270,0,6210,179910,3.334999998410543,N
grissma01,253,0,66,5049,5.369999972256747,N
kindeel01,819,13,429,9737,2.988461503615746,N
kuzavbo01,330,15,150,6690,4.5893332958221436,N
lemonbo01,3562,481,1911,19155,3.424615364808303,Y
raschvi01,11088,99,4950,93456,5.465454556725242,N
hearnji01,2156,252,1008,18732,4.417857153075082,N
simmocu01,8924,46,3496,78062,4.2082608990047286,N
erskica01,8832,96,2976,94176,4.321666677792867,N
garvene01,2700,105,1080,13215,3.768000014623006,N
paigesa01,72,0,24,1728,2.818333307902018,Y
portebo01,1520,96,688,9152,5.257499948143959,N
roberro01,5355,105,2163,49497,3.555714272317432,Y
martimo01,364,0,91,3185,5.960000019807082,N
newcodo01,45696,2880,20736,216768,4.018333375453949,N
shantbo01,10165,95,4370,101840,3.5063157959988245,N
burdele01,58275,3780,23625,338310,4.069047632671538,N
fordwh01,2832,48,1104,31296,2.672500006854534,Y
lawve01,21392,1232,10080,122304,3.9693749994039536,N
haddiha01,25350,600,9600,236250,3.6526666482289634,N
musiast01,3630,475,1951,0,0,Y
wilheho01,988,26,546,41860,3.253076915557568,Y
darkal01,33424,2016,12112,0,18,N
facero01,7905,0,1785,223635,3.158235290471245,N
larsedo01,36720,3570,18360,216495,4.144705842523014,N
podrejo01,6960,96,2400,68880,4.312499955296516,N
lasorto01,3,0,0,111,8.21666669845581,Y
pascuca02,7524,190,3078,82346,4.05157891072725,N
bunniji01,3834,126,1350,51390,3.5655555725097656,Y
koufasa01,900,24,336,28752,3.141666680574417,Y
mcdanli01,2464,132,748,59884,3.6618181575428355,N
ramospe01,1853,255,952,22185,4.541176445343915,N
drysddo01,3052,406,1582,34804,3.047142880303519,Y
mcmahdo02,529,0,207,23069,3.080869576205378,N
millebo04,759,0,184,20585,3.4773912896280703,N
osteecl01,8280,320,3040,64480,3.4949999928474424,N
pappami01,2508,380,1273,32832,3.468947360390111,N
pizarju01,2926,176,1452,33484,4.029545453461734,N
colavro01,6920,1496,4636,64,0,N
grantmu01,2430,108,1170,22806,3.605555514494578,N
coopewa01,13410,1730,8120,NULL,NULL,N
dimagdo01,15120,783,5562,NULL,NULL,N
marioma01,20272,504,8736,NULL,NULL,N
reesepe01,2170,126,885,NULL,NULL,Y
reisepe01,1572,116,736,NULL,NULL,N
valoel01,1420,58,601,NULL,NULL,N
walkeha01,786,10,214,NULL,NULL,N
coxbi02,974,66,351,NULL,NULL,N
edwarha01,613,51,276,NULL,NULL,N
heganji01,2174,184,1050,NULL,NULL,N
rizzuph01,1588,38,563,NULL,NULL,Y
sauerha01,1278,288,876,NULL,NULL,N
holmeto01,3014,176,1162,NULL,NULL,N
northro01,874,108,513,NULL,NULL,N
peskyjo01,1455,17,404,NULL,NULL,N
hodgegi01,28815,5550,19110,NULL,NULL,N
kellge01,2054,78,870,NULL,NULL,Y
pafkoan01,3592,426,1952,NULL,NULL,N
stanked01,1154,29,364,NULL,NULL,N
miksied01,722,44,228,NULL,NULL,N
lockmwh01,1658,114,563,NULL,NULL,N
ricede01,908,79,441,NULL,NULL,N
schoere01,2449,84,773,NULL,NULL,Y
adamsbo03,1082,37,303,NULL,NULL,N
berrayo01,2150,358,1430,NULL,NULL,Y
ennisde01,4126,576,2568,NULL,NULL,N
furilca01,9550,960,5290,NULL,NULL,N
hattogr01,2136,182,1066,NULL,NULL,N
kinerra01,1451,369,1015,NULL,NULL,Y
thomsbo01,25575,3960,15390,NULL,NULL,N
brownwi02,12,1,6,NULL,NULL,Y
dobyla01,1515,253,970,NULL,NULL,Y
foxne01,2663,35,790,NULL,NULL,Y
kluszte01,26490,4185,15420,NULL,NULL,N
robinja02,1518,137,734,NULL,NULL,Y
snidedu01,2116,407,1333,NULL,NULL,Y
torgeea01,1318,149,740,NULL,NULL,N
wertzvi01,15228,2394,10602,NULL,NULL,N
westrwe01,503,96,315,NULL,NULL,N
ashburi01,2574,29,586,NULL,NULL,Y
bauerha01,2848,328,1406,NULL,NULL,N
camparo01,1161,242,856,NULL,NULL,Y
smallro01,601,61,305,NULL,NULL,N
burgesm01,2636,252,1346,NULL,NULL,N
crandde01,5104,716,2628,NULL,NULL,N
dropowa01,1113,152,704,NULL,NULL,N
hemusso01,736,51,263,NULL,NULL,N
irvinmo01,731,99,443,NULL,NULL,Y
minosmi01,29445,2790,15345,NULL,NULL,N
sievero01,3406,636,2294,NULL,NULL,N
carrach01,1199,55,474,NULL,NULL,N
jenseja01,8778,1194,5574,NULL,NULL,N
martibi02,877,64,333,NULL,NULL,N
courtcl01,750,38,313,NULL,NULL,N
mantlmi01,2415,536,1509,NULL,NULL,Y
mayswi01,3283,660,1903,NULL,NULL,Y
mcdougi01,11619,1008,5184,NULL,NULL,N
mcmilro01,4917,204,1782,NULL,NULL,N
willidi02,768,70,331,NULL,NULL,Y
groatdi01,12828,234,4242,NULL,NULL,N
kuennha01,31380,1305,10065,NULL,NULL,N
matheed01,2315,512,1453,NULL,NULL,Y
bankser01,2583,512,1636,NULL,NULL,Y
brutobi01,1651,94,545,NULL,NULL,N
kalinal01,3007,399,1583,NULL,NULL,Y
aaronha01,3771,755,2297,NULL,NULL,Y
killeha01,2086,573,1584,NULL,NULL,Y
moonwa01,1399,142,661,NULL,NULL,N
powervi01,3432,252,1316,NULL,NULL,N
boyercl02,2792,324,1308,NULL,NULL,N
boyerke01,32145,4230,17115,NULL,NULL,N
clemero01,3000,240,1305,NULL,NULL,Y
howarel01,22065,2505,11430,NULL,NULL,N
richabo01,4296,102,1170,NULL,NULL,N
robinbr01,2848,268,1357,NULL,NULL,Y
virdobi01,3192,182,1004,NULL,NULL,N
aparilu01,2677,83,791,NULL,NULL,Y
floodcu01,27915,1275,9540,NULL,NULL,N
herzowh01,414,25,172,NULL,NULL,Y
mazerbi01,2016,138,853,NULL,NULL,Y
robinfr02,2943,586,1812,NULL,NULL,Y
marisro01,19875,4125,12765,NULL,NULL,N
aloufe01,2101,206,852,NULL,NULL,N
callijo01,1757,226,840,NULL,NULL,N
cashno01,1820,377,1103,NULL,NULL,N
cepedor01,2351,379,1365,NULL,NULL,Y
fairlro01,3826,430,2088,NULL,NULL,N
howarfr01,1774,382,1119,NULL,NULL,N
cuellmi01,1140,105,495,24480,5.145999972025553,N
fisheed02,540,0,144,14616,3.577222214804755,N
gibsobo01,4658,408,2448,52989,3.145882347050835,Y
kaatji01,97440,6720,44520,1033620,4.100714274815151,N
lockebo01,250,10,120,1940,3.9949999809265138,N
perryji01,6726,190,2242,59888,3.672631577441567,N
shortch02,1320,0,360,24435,4.179333353042603,N
barbest01,1170,90,486,23562,4.087222205268012,N
breweji01,378,0,162,14580,3.542777783340878,N
malonji01,3024,168,1272,38520,4.114166637261708,N
maricju01,3232,64,1200,36848,3.713125005364418,Y
sadecra01,3322,110,1232,35508,3.6859091195193203,N
bolinbo01,966,84,490,16450,3.2207142966134206,N
downial01,1638,36,918,29502,3.552222238646613,N
gladdfr01,13,0,39,5122,3.741538432928232,N
krausle02,564,72,288,8652,4.194166700045268,N
mcdowsa01,1904,32,576,39248,3.369374990463257,N
perraro01,240,0,45,10305,3.3013333400090534,N
woodwi01,2916,0,1404,152388,4.179999947547913,N
boutoji01,385,0,231,7920,3.980909130790017,N
giustda01,1232,64,736,17648,3.6362499818205833,N
mcnalda01,5432,504,2408,84672,3.219285709517343,N
perryga01,3525,150,1175,88350,3.3960000181198122,Y
richepe01,645,15,225,13875,3.150666666030884,N
seguidi01,928,64,384,20768,3.768124982714653,N
vealebo01,1008,0,252,23842,3.4442856992994035,N
culpra01,814,11,374,15521,3.77636363289573,N
hoernjo01,96,16,48,6592,3.8999999463558197,N
johnto01,59220,2100,22680,942900,3.48892856495721,N
linzyfr01,216,12,36,4296,3.264166682958603,N
lolicmi01,21600,0,7440,679680,3.429999992251396,N
mclaide01,2706,33,1023,42306,4.0790909420360215,N
akerja01,98,0,56,5656,3.854285682950701,N
blassst01,940,10,370,8960,4.575,N
carrocl02,918,34,238,23154,3.0935294067158416,N
dierkla01,1498,56,644,20902,3.3692857027053833,N
niekrph01,6760,182,2834,86892,4.09846156835556,Y
siebeso01,3420,360,1710,45360,3.6393333435058595,N
singebi01,675,0,195,22725,3.150000015894572,N
stottme01,1320,77,627,13827,2.9590908830816094,N
tiantlu01,23940,1425,12540,688560,3.52736843259711,N
wiseri01,2340,270,1188,29646,4.053333348698086,N
alouma01,1777,31,427,51,0,N
brilene01,1080,45,435,17445,3.85599996248881,N
campabe01,2249,79,646,20,9,N
carltst01,9342,351,3780,111672,3.9862962740438954,Y
handsbi01,444,0,228,13536,4.410833328962326,N
hillejo01,165,0,60,15540,3.1480000178019205,N
holtzke01,3366,68,1156,54434,3.6847059025483975,N
hunteca01,2235,90,765,30180,3.4759999752044677,Y
jacksgr01,672,42,357,18669,4.296190471876235,N
jenkife01,2960,260,1700,63840,3.3890000343322755,Y
knowlda01,255,0,187,11577,3.9041176473393158,N
lonboji01,3150,90,1290,44250,4.407333358128866,N
mayru01,756,0,252,31680,3.7533333433998957,N
mcgratu01,741,19,342,21071,3.455263137817383,N
palmeji01,1615,57,779,42028,3.322105282231381,Y
rayji01,144,0,54,3663,3.968888839085897,N
selmadi01,420,0,84,8172,5.233333428700765,N
bahnsst01,1064,19,361,25821,3.815789429764999,N
frymawo01,1680,40,500,31740,4.557000023126602,N
ryanno01,2538,54,972,154278,3.6940740744272866,Y
suttodo01,4875,0,1600,89350,3.3091999816894533,Y
dobsopa01,468,0,144,15612,3.700833340485891,N
hickmji02,1002,159,560,0,4.5,N
koosmje01,2180,40,920,51120,3.584499979019165,N
lylesp01,1080,0,288,62856,2.980000012450748,N
marshmi01,595,17,272,14960,3.9982352817759796,N
niekrjo01,3800,25,1800,43675,4.044399976730347,N
nolanga01,803,11,352,11429,3.7009091160514136,N
rojasco01,1660,54,593,0,0,N
seaveto01,4444,264,1892,80080,3.036818200891668,Y
torremi01,1344,0,315,29484,4.942380916504633,N
billija01,868,0,322,15974,4.517857228006635,N
ellisdo01,1040,0,368,18176,3.841249965131283,N
fingero01,527,34,153,22083,4.314705883755403,Y
messean01,2976,120,1296,39000,3.259166638056437,N
tovarce01,1546,46,435,14,0,N
bluevi01,3604,272,1020,147900,3.5188235184725594,N
colboji01,44,0,11,7568,4.153636325489391,N
davalvi01,1122,36,329,0,0,N
leebi03,574,28,140,9982,3.865000009536743,N
reussje01,4275,25,1450,47675,3.8904000091552735,N
blylebe01,1416,0,600,88824,3.4541666507720947,Y
forscke01,832,0,272,16752,3.664374992251396,N
gurala01,51,0,17,13617,4.5588235294117645,N
houghch01,858,26,338,61412,3.8165384897818933,N
hraboal01,104,0,78,7124,2.766923060783973,N
splitpa01,330,0,60,15855,4.250666713714599,N
alexado01,1012,0,391,35144,3.8547826124274214,N
barrji01,996,12,372,8892,3.6883333126703897,N
caldwmi01,510,0,120,14085,3.708666721979777,N
grimsro02,540,0,180,9000,4.300833324591319,N
hootobu01,1472,64,784,23856,3.6756250262260437,N
kisonbr01,990,45,465,16095,3.728000020980835,N
matlajo01,741,0,299,19708,3.4630769216097317,N
richajr01,930,100,500,14930,4.293999969959259,N
stonest01,242,0,77,11715,4.0018181584098125,N
bibbyji01,434,70,238,15106,4.2228571346827914,N
goltzda01,130,0,91,14365,3.9861538043388953,N
gossari01,207,0,46,34546,3.199999990670577,Y
mcgloly01,1027,0,325,12207,4.955384657933162,N
medicdo01,70,0,14,13370,3.6228571449007307,N
reuscri01,3927,84,1659,42315,3.494285742441813,N
tidrodi01,135,0,105,14625,4.415333302815755,N
campbbi02,60,0,30,12960,3.917333380381266,N
jonesra01,790,0,200,7350,3.7039999961853027,N
kingmda01,1575,442,1210,76,9,N
rogerst01,1586,0,507,21073,3.3153845897087684,N
tananfr01,207,0,115,63779,3.7552173863286558,N
bandosa01,1790,242,1039,0,6,N
grossgr01,2146,14,616,51,9,N
conceda01,34890,1515,14250,285,0,N
dempsri01,1093,96,471,0,4.5,N
pinsova01,41355,3840,17550,NULL,NULL,N
tayloto02,2007,75,598,NULL,NULL,N
andersp01,104,0,34,NULL,NULL,Y
davisto02,2121,153,1052,NULL,NULL,N
mccarti01,1501,97,645,NULL,NULL,N
mccovwi01,2211,521,1555,NULL,NULL,Y
paganjo01,922,52,372,NULL,NULL,N
willibi01,2711,426,1475,NULL,NULL,Y
willsma01,32010,300,6870,NULL,NULL,N
cannich01,458,18,169,NULL,NULL,N
cardele01,3450,236,1378,NULL,NULL,N
johnsde01,1447,245,923,NULL,NULL,N
mcauldi01,1530,197,697,NULL,NULL,N
santoro01,2254,342,1331,NULL,NULL,Y
torrejo01,2342,252,1185,NULL,NULL,Y
brocklo01,3023,149,900,NULL,NULL,Y
edwarjo01,1106,81,524,NULL,NULL,N
freehbi01,1591,200,758,NULL,NULL,N
fregoji01,1726,151,706,NULL,NULL,N
powelbo01,1776,339,1187,NULL,NULL,N
yastrca01,3419,452,1844,NULL,NULL,Y
ageeto01,999,130,433,NULL,NULL,N
allenbe01,815,73,351,NULL,NULL,N
bailebo01,1564,189,773,NULL,NULL,N
berryke01,1053,58,343,NULL,NULL,N
harpeto01,1609,146,567,NULL,NULL,N
kennejo03,475,32,185,NULL,NULL,N
kraneed01,1418,118,614,NULL,NULL,N
maxvida01,748,6,252,NULL,NULL,N
mcmulke01,1273,156,606,NULL,NULL,N
menkede01,1270,101,606,NULL,NULL,N
motama01,2298,62,876,NULL,NULL,N
olivato01,28755,3300,14205,NULL,NULL,N
pepitjo01,1315,219,721,NULL,NULL,N
stargwi01,2232,475,1540,NULL,NULL,Y
allendi01,25872,4914,15666,NULL,NULL,N
alleyge01,999,55,342,NULL,NULL,N
alouje01,1216,32,377,NULL,NULL,N
beaucji01,153,14,90,NULL,NULL,N
boccajo01,320,26,148,NULL,NULL,N
brownga01,1164,168,644,NULL,NULL,N
brownla01,803,47,254,NULL,NULL,N
cardejo02,1913,138,775,NULL,NULL,N
cartyri01,1677,204,890,NULL,NULL,N
gagliph01,336,14,159,NULL,NULL,N
gosgeji01,411,30,177,NULL,NULL,N
groteje01,1092,39,404,NULL,NULL,N
hortowi01,1993,325,1163,NULL,NULL,N
huntro01,1429,39,370,NULL,NULL,N
jacksso01,767,7,162,NULL,NULL,N
jonescl01,1196,93,524,NULL,NULL,N
larusto01,35,0,7,NULL,NULL,Y
morgajo02,2517,268,1133,NULL,NULL,Y
murreiv01,308,33,123,NULL,NULL,N
petrori01,1352,210,773,NULL,NULL,N
rosepe01,12768,480,3942,NULL,NULL,N
staubru01,19012,2044,10262,NULL,NULL,N
stewaji01,336,8,112,NULL,NULL,N
wynnji01,1665,291,964,NULL,NULL,N
blairpa01,1513,134,620,NULL,NULL,N
briggjo02,1041,139,507,NULL,NULL,N
helmsto01,1342,34,477,NULL,NULL,N
hundlra01,813,82,381,NULL,NULL,N
johnsal01,1331,78,525,NULL,NULL,N
kessido01,1931,14,527,NULL,NULL,N
lanieha01,843,8,273,NULL,NULL,N
mayje01,357,15,130,NULL,NULL,N
northji01,2508,306,1220,NULL,NULL,N
perezto01,2732,379,1652,NULL,NULL,Y
pinielo01,1705,102,766,NULL,NULL,N
reeseri01,512,52,245,NULL,NULL,N
reichri01,864,116,445,NULL,NULL,N
ryanmi02,370,28,161,NULL,NULL,N
schaapa01,869,57,323,NULL,NULL,N
simsdu01,580,100,310,NULL,NULL,N
stahlla01,400,36,163,NULL,NULL,N
stanlmi01,1243,117,500,NULL,NULL,N
torboje01,297,8,101,NULL,NULL,N
bartobo01,237,9,66,NULL,NULL,N
beckegl01,1473,22,360,NULL,NULL,N
belanma01,1316,20,389,NULL,NULL,N
casanpa01,627,50,252,NULL,NULL,N
clarkho01,1230,27,304,NULL,NULL,N
harrebu01,1120,7,267,NULL,NULL,N
johnsda02,1252,136,609,NULL,NULL,N
koscoan01,464,73,267,NULL,NULL,N
mayle01,2031,354,1244,NULL,NULL,N
milleno01,325,24,159,NULL,NULL,N
murcebo01,1862,252,1043,NULL,NULL,N
tolanbo01,1121,86,497,NULL,NULL,N
whitero01,1803,160,758,NULL,NULL,N
millafe01,1617,22,403,NULL,NULL,N
mondari01,1619,241,775,NULL,NULL,N
montawi01,1604,139,802,NULL,NULL,N
robinbi02,1127,166,641,NULL,NULL,N
scottge02,3984,542,2102,NULL,NULL,N
smithre06,2020,314,1092,NULL,NULL,N
watsobo01,1826,184,989,NULL,NULL,N
benchjo01,2048,389,1376,NULL,NULL,Y
carewro01,3053,92,1015,NULL,NULL,Y
jacksre01,2584,563,1702,NULL,NULL,Y
nettlgr01,8900,1560,5256,NULL,NULL,N
otisam01,2020,193,1007,NULL,NULL,N
raderdo02,1302,155,722,NULL,NULL,N
rudijo01,1468,179,810,NULL,NULL,N
sanguma01,1500,65,585,NULL,NULL,N
bakerdu01,1981,242,1013,NULL,NULL,N
bondsbo01,20746,3652,11264,NULL,NULL,N
coxbo01,141,9,58,NULL,NULL,Y
hebneri01,1694,203,890,NULL,NULL,N
hislela01,1146,166,674,NULL,NULL,N
jorgemi01,833,95,426,NULL,NULL,N
maybejo01,1379,255,879,NULL,NULL,N
mayca01,1127,90,536,NULL,NULL,N
mcraeha01,2091,191,1097,NULL,NULL,N
meltobi01,1004,160,591,NULL,NULL,N
moneydo01,1623,176,729,NULL,NULL,N
oliveal01,2743,219,1326,NULL,NULL,N
simmote01,2472,248,1389,NULL,NULL,N
spencji01,1227,146,599,NULL,NULL,N
unserde01,1344,87,481,NULL,NULL,N
bucknbi01,2715,174,1208,NULL,NULL,N
cashda01,1571,21,426,NULL,NULL,N
crowlte01,379,42,229,NULL,NULL,N
evansda01,2223,414,1354,NULL,NULL,N
fiskca01,2356,376,1330,NULL,NULL,Y
fostege01,7700,1392,4956,NULL,NULL,N
gamblos01,1195,200,666,NULL,NULL,N
garvest01,38985,4080,19620,NULL,NULL,N
geronce01,977,51,392,NULL,NULL,N
harrato01,1954,195,918,NULL,NULL,N
munsoth01,23370,1695,10515,NULL,NULL,N
russebi01,1926,46,627,NULL,NULL,N
tenacge01,1060,201,674,NULL,NULL,N
baylodo01,4270,676,2552,NULL,NULL,N
bowala01,2191,15,525,NULL,NULL,N
burroje01,1443,240,882,NULL,NULL,N
cedence01,2087,199,976,NULL,NULL,N
cruzjo01,2251,165,1077,NULL,NULL,N
fergujo01,719,122,445,NULL,NULL,N
grichbo01,1833,224,864,NULL,NULL,N
lowenjo01,881,116,441,NULL,NULL,N
luzingr01,1795,307,1128,NULL,NULL,N
rivermi01,1660,61,499,NULL,NULL,N
singlke01,2029,246,1065,NULL,NULL,N
ceyro01,1868,316,1139,NULL,NULL,N
chambch01,2109,185,972,NULL,NULL,N
coopece01,2192,241,1125,NULL,NULL,N
hendrge01,1980,267,1111,NULL,NULL,N
milnejo01,855,131,498,NULL,NULL,N
oglivbe01,1615,235,901,NULL,NULL,N
porteda02,1369,188,826,NULL,NULL,N
speiech01,1759,112,720,NULL,NULL,N
ziskri01,1477,207,792,NULL,NULL,N
bellbu01,2514,201,1106,NULL,NULL,N
boonebo01,9190,525,4130,NULL,NULL,N
bumbral01,1422,54,402,NULL,NULL,N
evansdw01,7338,1155,4152,NULL,NULL,N
lopesda01,1671,155,614,NULL,NULL,N
maddoga01,1802,117,754,NULL,NULL,N
matthga01,2011,234,978,NULL,NULL,N
schmimi01,2234,548,1595,NULL,NULL,Y
yeagest01,816,102,410,NULL,NULL,N
brettge01,3154,317,1595,NULL,NULL,Y
decindo01,1505,237,879,NULL,NULL,N
dentbu01,1114,40,423,NULL,NULL,N
downibr01,2099,275,1073,NULL,NULL,N
garneph01,1594,109,738,NULL,NULL,N
griffke01,2143,152,859,NULL,NULL,N
madlobi01,2008,163,860,NULL,NULL,N
mcbriba01,1153,63,430,NULL,NULL,N
moraljo01,375,26,207,NULL,NULL,N
parkeda01,40680,5085,22395,NULL,NULL,N
scottto01,699,17,253,NULL,NULL,N
thomago01,1051,268,782,NULL,NULL,N
thornan01,1342,253,895,NULL,NULL,N
trillma01,1562,61,571,NULL,NULL,N
whitefr01,2006,160,886,NULL,NULL,N
winfida01,3110,465,1833,NULL,NULL,Y
zahnge01,84,0,14,9870,4.449285668986184,N
dennyjo01,1358,0,406,16044,3.44500001839229,N
forscbo01,3230,204,1428,19261,4.031764759736903,N
leonade01,0,0,0,15876,3.5899999936421714,N
rhoderi01,2896,144,1200,22704,3.754999965429306,N
tekulke01,170,0,34,13243,3.842941207044265,N
candejo01,2392,23,1104,38479,3.7917391424593716,N
eckerde01,600,75,300,60025,3.47040002822876,Y
flanami01,0,0,0,28329,4.068947377957795,N
guidrro01,0,0,0,224028,3.5414285830089023,N
stantmi01,8,0,0,2432,5.331250041723251,N
vuckope01,363,0,143,9702,4.643636400049383,N
kneppbo01,1840,96,944,23568,3.8199999779462814,N
krukomi01,1946,70,756,20692,4.234285763331822,N
martide01,1776,0,792,51576,4.02250000834465,N
mcgresc01,0,0,0,11752,4.452307682770949,N
sutclri01,1938,76,1045,31901,3.889473664133172,N
suttebr01,108,0,72,10332,3.079166720310847,Y
zachrpa01,396,0,66,7359,3.6563636389645664,N
hernawi01,182,0,42,11032,3.5921428629330228,N
honeyri01,576,0,216,24912,5.21124999721845,N
morrija02,0,0,0,669060,4.007222215334575,N
sotoma01,840,12,288,17388,3.8824999928474426,N
darwida01,975,50,550,48550,4.157600002288818,N
stewada01,380,0,152,66158,4.04842105664705,N
welchbo01,1496,34,510,33473,3.5964705803815056,N
gullibi01,1215,45,405,19185,3.78133331934611,N
leibrch01,448,0,196,15694,3.547142880303519,N
oroscje01,260,0,104,30654,3.7957692329700174,N
quiseda01,13,0,13,4927,3.759230760427622,N
reardje01,90,0,36,15786,3.293888919883304,N
righeda01,34,0,17,18904,4.464117569081924,N
scottmi03,1053,26,585,19097,4.499999963320219,N
stiebda01,0,0,0,26704,3.752499982714653,N
tudorjo01,767,0,234,12844,3.3807692436071544,N
bailobo01,775,9,222,0,7.710000038146973,N
boddimi01,0,0,0,19950,4.099999984105428,N
davisma01,468,18,162,18126,4.678888870610131,N
hurstbr01,496,0,128,27024,5.030000075697899,N
smithle02,945,315,630,394065,3.0028571287790933,N
valenfe01,6732,360,3024,74664,4.0533333089616566,N
bedrost01,225,0,30,13815,3.478666663169861,N
wittmi01,0,0,0,17849,4.300769219031701,N
henketo01,0,0,0,12054,2.7750000017029897,N
jonesdo01,18,0,0,16362,3.8111111521720886,N
violafr01,416,0,96,29504,4.192500069737434,N
candito01,630,0,216,31230,4.232777767711216,N
darliro01,1140,30,315,23850,4.185999965667724,N
fernasi01,1568,16,544,27888,3.773749977350235,N
hershor01,5868,0,1800,72504,4.057222207387288,N
jacksda02,918,0,476,20825,4.647647072287167,N
russeje01,176,16,160,11088,3.57250002771616,N
brownto05,1140,24,384,12000,4.234166661898295,N
clemero02,3720,0,1440,560640,3.220833331346512,N
deshaji01,429,0,156,12363,5.667692239467915,N
francjo01,63,0,21,20475,3.133809526761373,N
goodedw01,2610,144,1206,41274,4.225000010596381,N
keyji01,0,0,0,23070,3.7466666380564373,N
langsma01,238,0,85,41888,4.247058826334336,N
rijojo01,2380,56,812,44968,3.487857154437474,N
saberbr01,391,0,17,29155,3.8123529378105614,N
aguilri01,532,57,209,19570,3.496315755342182,N
myersra01,165,0,105,13260,3.2486666520436605,N
worreto01,22,0,0,6908,3.3081818493929775,N
brownke01,1216,38,551,45543,3.5526315726731954,N
coneda01,1216,0,418,50692,3.7284210481141744,N
drabedo01,1547,26,598,20722,3.95846150471614,N
finlech01,54,0,18,46980,3.9283333486980863,N
jacksmi02,85,0,17,17102,3.3688235423144173,N
maddugr01,6800,125,2100,84275,3.3843999910354614,Y
mulhote01,1794,52,598,34450,4.75230768093696,N
plesada01,20,0,0,20820,3.777999985218048,N
tewksbo01,700,0,266,11368,4.563571436064584,N
willimi02,33,11,44,7260,4.799090927297419,N
wittbo01,171,19,95,37145,5.028947403556423,N
glavito02,5412,22,1980,57354,3.706363623792475,Y
hennemi01,0,0,0,5863,3.3263636610724707,N
leiteal01,945,0,336,41454,5.358095248540242,N
mcdowja01,0,0,0,15732,4.223333388566971,N
mesajo01,0,0,0,22836,4.628181831403212,N
montgje01,0,0,0,9529,3.700769305229187,N
oneilpa01,2105,281,1269,34,13.5,N
wallati01,4170,520,2250,0,4.5,N
wellsda01,552,0,120,52824,4.145416657129924,N
gordoto01,0,0,0,42416,4.722727287899364,N
johnsra05,1872,24,960,117000,3.4808333615461984,Y
schilcu01,12285,0,3045,327180,3.9676190330868675,N
smoltjo01,3322,110,1342,67848,3.5099999850446526,Y
stottto01,750,15,165,23805,4.527333354949951,N
abbotji01,22,0,33,9768,4.496363683180376,N
appieke01,144,0,72,35892,4.940000043974982,N
rogerke01,189,0,84,41328,4.2704762277149015,N
wettejo01,84,12,96,9648,2.775833318630854,N
fernaal01,220,30,140,12520,3.7920000314712525,N
cansejo01,1877,462,1407,0,27,N
davisch01,2380,350,1372,0,0,N
boggswa01,6020,236,2028,36,3.375,Y
gaettga01,6840,1080,4023,22,6,N
harrile01,1055,37,369,23,0,N
bonilbo01,2010,287,1173,0,18,N
finlest01,2548,304,1167,0,0,N
gracema01,2445,173,1146,0,9,N
zeileto01,4008,506,2220,21,22.5,N
venturo01,1885,294,1182,0,0,N
burleri01,1401,50,449,NULL,NULL,N
cartega01,2092,324,1225,NULL,NULL,Y
hargrmi01,1614,80,686,NULL,NULL,N
hernake01,19638,1458,9639,NULL,NULL,N
howear01,682,43,293,NULL,NULL,N
howelro02,991,80,454,NULL,NULL,N
knighra01,1311,84,595,NULL,NULL,N
lynnfr01,3920,612,2222,NULL,NULL,N
parrila01,1789,256,992,NULL,NULL,N
riceji01,2452,382,1451,NULL,NULL,Y
stearjo01,696,46,312,NULL,NULL,N
summech01,350,54,218,NULL,NULL,N
sundbji01,1493,95,624,NULL,NULL,N
washicl01,1884,164,824,NULL,NULL,N
yountro01,3142,251,1406,NULL,NULL,Y
clarkja01,1826,340,1180,NULL,NULL,N
lemonch01,1875,215,884,NULL,NULL,N
randowi01,2210,54,687,NULL,NULL,N
remyje01,1226,7,329,NULL,NULL,N
valenel01,881,123,474,NULL,NULL,N
dauerri01,984,43,372,NULL,NULL,N
dawsoan01,2774,438,1591,NULL,NULL,Y
murphda05,31665,5970,18990,NULL,NULL,N
templga01,2096,70,728,NULL,NULL,N
wathajo01,656,21,261,NULL,NULL,N
wilsowi02,2207,41,585,NULL,NULL,N
leonaje01,1342,144,723,NULL,NULL,N
murraed02,3255,504,1917,NULL,NULL,Y
parrila02,1782,324,1070,NULL,NULL,N
puhlte01,1361,62,435,NULL,NULL,N
trammal01,35475,2775,15045,NULL,NULL,N
whitalo01,2369,244,1084,NULL,NULL,N
guerrpe01,1618,215,898,NULL,NULL,N
hornebo01,1047,218,685,NULL,NULL,N
kennete02,1313,113,628,NULL,NULL,N
lansfca01,2074,151,874,NULL,NULL,N
molitpa01,3319,234,1307,NULL,NULL,Y
smithlo01,1488,98,533,NULL,NULL,N
smithoz01,2460,28,793,NULL,NULL,Y
gibsoki01,1553,255,870,NULL,NULL,N
henderi01,3055,297,1115,NULL,NULL,Y
raineti01,2605,170,980,NULL,NULL,Y
baineha01,14330,1920,8140,NULL,NULL,N
brookhu01,1608,149,824,NULL,NULL,N
penato01,1687,107,708,NULL,NULL,N
bellge02,1702,265,1002,NULL,NULL,N
butlebr01,2375,54,578,NULL,NULL,N
hendeda01,1324,197,708,NULL,NULL,N
hrbekke01,1749,293,1086,NULL,NULL,N
rayjo01,1502,53,594,NULL,NULL,N
ripkeca01,3184,431,1695,NULL,NULL,Y
sandbry01,2386,282,1061,NULL,NULL,Y
saxst01,1949,54,550,NULL,NULL,N
eisenji01,1160,52,477,NULL,NULL,N
gwynnto01,3141,135,1138,NULL,NULL,Y
johnsho01,1229,228,760,NULL,NULL,N
mattido01,32295,3330,16485,NULL,NULL,N
mcgeewi01,4508,158,1712,NULL,NULL,N
phillto02,2023,160,819,NULL,NULL,N
cartejo01,2184,396,1445,NULL,NULL,N
daultda01,891,137,588,NULL,NULL,N
fernato01,2276,94,844,NULL,NULL,N
nixonot01,1379,11,318,NULL,NULL,N
samueju01,1578,161,703,NULL,NULL,N
strawda01,1401,335,1000,NULL,NULL,N
vanslan01,1562,164,792,NULL,NULL,N
daviser01,1430,282,934,NULL,NULL,N
mitchke01,1173,234,760,NULL,NULL,N
pendlte01,1897,140,946,NULL,NULL,N
puckeki01,2304,207,1085,NULL,NULL,Y
tartada01,1366,262,925,NULL,NULL,N
tettlmi01,1132,245,732,NULL,NULL,N
colemvi01,1425,28,346,NULL,NULL,N
dunstsh01,1597,150,668,NULL,NULL,N
dykstle01,1298,81,404,NULL,NULL,N
fieldce01,1313,319,1008,NULL,NULL,N
galaran01,2333,399,1425,NULL,NULL,N
greenmi01,1400,130,726,NULL,NULL,N
guilloz01,1764,28,619,NULL,NULL,N
whitede03,1934,208,846,NULL,NULL,N
bellja01,1963,195,860,NULL,NULL,N
bondsba01,14675,3810,9980,NULL,NULL,N
clarkwi02,2176,284,1205,NULL,NULL,N
joynewa01,2060,204,1106,NULL,NULL,N
krukjo01,1170,100,592,NULL,NULL,N
larkiba01,2340,198,960,NULL,NULL,Y
mcgrifr01,19920,3944,12400,NULL,NULL,N
mcgwima01,16260,5830,14140,NULL,NULL,N
palmera01,12080,2276,7340,NULL,NULL,N
santibe01,1830,217,920,NULL,NULL,N
sierrru01,2152,306,1322,NULL,NULL,N
steinte01,1453,162,745,NULL,NULL,N
thompro01,1187,119,458,NULL,NULL,N
buhneja01,1273,310,965,NULL,NULL,N
burksel01,2107,352,1206,NULL,NULL,N
caminke01,1710,239,983,NULL,NULL,N
gantro01,1651,321,1008,NULL,NULL,N
jeffegr01,1593,126,663,NULL,NULL,N
martied01,17976,2472,10088,NULL,NULL,N
surhobj01,2326,188,1153,NULL,NULL,N
weisswa01,1207,25,386,NULL,NULL,N
willima04,1878,378,1218,NULL,NULL,N
alomaro01,2724,210,1134,NULL,NULL,Y
alomasa02,1236,112,588,NULL,NULL,N
anderbr01,1661,210,761,NULL,NULL,N
bicheda01,1906,274,1141,NULL,NULL,N
biggicr01,3060,291,1175,NULL,NULL,Y
morriha02,1216,76,513,NULL,NULL,N
sheffga01,8067,1527,5028,NULL,NULL,N
belleal01,3452,762,2478,NULL,NULL,N
disarga01,966,28,355,NULL,NULL,N
gonzaju03,3872,868,2808,NULL,NULL,N
griffke02,2781,630,1836,NULL,NULL,Y
grissma02,2251,227,967,NULL,NULL,N
justida01,1571,305,1017,NULL,NULL,N
olerujo01,2239,255,1230,NULL,NULL,N
sosasa01,12040,3045,8335,NULL,NULL,N
vaughgr01,1475,355,1072,NULL,NULL,N
walkela01,15120,2681,9177,NULL,NULL,N
aloumo01,2134,332,1287,NULL,NULL,N
baergca01,1583,134,774,NULL,NULL,N
coninje01,1982,214,1071,NULL,NULL,N
frymatr01,1776,223,1022,NULL,NULL,N
gonzalu01,2591,354,1439,NULL,NULL,N
lankfra01,1561,238,874,NULL,NULL,N
beckro01,56,0,14,9016,3.5457142846924916,N
hentgpa01,126,0,0,18060,4.575000013623919,N
hernaro01,20,0,0,18900,3.855999994277954,N
kileda01,1044,24,480,20016,4.164166688919067,N
mussimi01,648,0,360,202536,3.702222228050232,N
rhodear01,22,0,0,25344,4.024545460939407,N
timlimi01,0,0,0,18312,3.7223809446607317,N
martipe02,774,0,324,56772,2.9983333547910056,Y
reynosh01,1001,65,559,18239,4.1569230785736675,N
wakefti01,247,19,76,40964,4.40105266320078,N
guarded01,0,0,0,15162,4.565263170945017,N
hamptmi01,2848,256,1264,22192,4.170624986290932,N
hoffmtr01,152,0,190,43054,2.9263158032768652,N
jonesto02,76,0,0,16492,4.161578893661499,N
nenro01,11,0,0,8723,3.4236363714391533,N
rueteki01,1330,0,560,11452,4.120000013283321,N
sandesc02,225,0,72,5688,6.190000110202366,N
seleaa01,135,0,15,21105,4.582000017166138,N
williwo02,1680,64,688,23680,4.063124969601631,N
benitar01,0,0,36,17028,3.3699999716546802,N
nomohi01,845,52,338,24934,5.714615418360784,N
percitr01,0,0,0,10934,3.5028571827071056,N
radkebr01,36,0,0,17604,4.261666655540466,N
schmija01,1008,112,336,28128,4.482500031590462,N
wagnebi02,68,0,34,40664,2.1929411747876335,N
gagneer01,132,11,33,7898,3.1281818476590244,N
stephjo03,0,0,0,56,6.090000152587891,N
cirilje01,1598,112,727,15,0,N
martiti02,1925,339,1271,NULL,NULL,N
seguida01,1412,139,684,NULL,NULL,N
thomafr04,2468,521,1704,NULL,NULL,Y
bagweje01,2314,449,1529,NULL,NULL,Y
brosisc01,1001,141,531,NULL,NULL,N
castivi02,1884,320,1105,NULL,NULL,N
claytro01,1904,110,723,NULL,NULL,N
karroer01,1724,284,1027,NULL,NULL,N
knoblch01,1839,98,615,NULL,NULL,N
loftoke01,2428,130,781,NULL,NULL,N
rodriiv01,2844,311,1332,NULL,NULL,Y
sandere02,1666,305,983,NULL,NULL,N
vaughmo01,1620,328,1064,NULL,NULL,N
willibe02,4672,574,2514,NULL,NULL,N
boonebr01,1775,252,1021,NULL,NULL,N
jordabr01,1454,184,821,NULL,NULL,N
kentje01,9844,1508,6072,NULL,NULL,N
kleskry01,1564,278,987,NULL,NULL,N
lopezja01,1527,260,864,NULL,NULL,N
piazzmi01,2127,427,1335,NULL,NULL,Y
salmoti01,1674,299,1016,NULL,NULL,N
snowjt01,1509,189,877,NULL,NULL,N
stairma01,1366,265,899,NULL,NULL,N
younger01,1731,79,543,NULL,NULL,N
ausmubr01,1579,80,607,NULL,NULL,N
burnije01,1447,315,981,NULL,NULL,N
delgaca01,2038,473,1512,NULL,NULL,N
edmonji01,1949,393,1199,NULL,NULL,N
floydcl01,1479,233,865,NULL,NULL,N
greensh01,2003,328,1070,NULL,NULL,N
mondera01,1589,271,860,NULL,NULL,N
ramirma02,2574,555,1831,NULL,NULL,N
whitero02,1519,198,768,NULL,NULL,N
womacto01,1353,36,368,NULL,NULL,N
anderga01,2529,287,1365,NULL,NULL,N
johnsch04,940,167,570,NULL,NULL,N
aurilri01,1576,186,756,NULL,NULL,N
camermi01,1700,278,968,NULL,NULL,N
clarkto02,1188,251,824,NULL,NULL,N
durhara01,2054,192,875,NULL,NULL,N
gilesbr02,1897,287,1078,NULL,NULL,N
grudzma01,2040,90,640,NULL,NULL,N
higgibo02,1336,187,709,NULL,NULL,N
nevinph01,1131,208,743,NULL,NULL,N
posadjo01,1664,275,1065,NULL,NULL,N
sweenmi01,1540,215,909,NULL,NULL,N
castilu01,1889,28,443,NULL,NULL,N
dyeje01,1779,325,1072,NULL,NULL,N
erstada01,1697,124,699,NULL,NULL,N
garcino01,3494,458,1872,NULL,NULL,N
guerrvl01,2590,449,1496,NULL,NULL,N
kendaja01,2195,75,744,NULL,NULL,N
muellbi02,1229,85,493,NULL,NULL,N
renteed01,2327,140,923,NULL,NULL,N
walketo04,1316,107,545,NULL,NULL,N
booneaa01,1017,126,555,NULL,NULL,N
cabreor01,2055,123,854,NULL,NULL,N
caseyse01,1531,130,735,NULL,NULL,N
leede02,1959,331,1078,NULL,NULL,N
ordonma01,2156,294,1236,NULL,NULL,N
sexsori01,1286,306,943,NULL,NULL,N
varitja01,1307,193,757,NULL,NULL,N
glaustr01,1375,320,950,NULL,NULL,N
guillca01,1331,124,660,NULL,NULL,N
loducpa01,1112,80,481,NULL,NULL,N
lowelmi01,1619,223,952,NULL,NULL,N
winnra01,1759,110,662,NULL,NULL,N
blakeca01,1186,167,616,NULL,NULL,N
morame01,1503,171,754,NULL,NULL,N
burrepa01,1393,292,976,NULL,NULL,N
eckstda01,1414,35,392,NULL,NULL,N
sanchfr01,1012,48,371,NULL,NULL,N
jonesja05,23,3,11,NULL,NULL,N
francju02,235,48,152,NULL,NULL,N
bulkemo99,NULL,NULL,NULL,NULL,NULL,Y
johnsba99,NULL,NULL,NULL,NULL,NULL,Y
cartwal99,NULL,NULL,NULL,NULL,NULL,Y
chadwhe99,NULL,NULL,NULL,NULL,NULL,Y
landike99,NULL,NULL,NULL,NULL,NULL,Y
barroed99,NULL,NULL,NULL,NULL,NULL,Y
connoto99,NULL,NULL,NULL,NULL,NULL,Y
klembi99,NULL,NULL,NULL,NULL,NULL,Y
mccarjo99,NULL,NULL,NULL,NULL,NULL,Y
frickfo99,NULL,NULL,NULL,NULL,NULL,Y
weissge99,NULL,NULL,NULL,NULL,NULL,Y
gibsojo99,NULL,NULL,NULL,NULL,NULL,Y
harriwi99,NULL,NULL,NULL,NULL,NULL,Y
leonabu99,NULL,NULL,NULL,NULL,NULL,Y
evansbi99,NULL,NULL,NULL,NULL,NULL,Y
bellco99,NULL,NULL,NULL,NULL,NULL,Y
johnsju99,NULL,NULL,NULL,NULL,NULL,Y
charlos99,NULL,NULL,NULL,NULL,NULL,Y
hubbaca99,NULL,NULL,NULL,NULL,NULL,Y
dihigma99,NULL,NULL,NULL,NULL,NULL,Y
lloydpo99,NULL,NULL,NULL,NULL,NULL,Y
macphla99,NULL,NULL,NULL,NULL,NULL,Y
gileswa99,NULL,NULL,NULL,NULL,NULL,Y
yawketo99,NULL,NULL,NULL,NULL,NULL,Y
fosteru99,NULL,NULL,NULL,NULL,NULL,Y
chandha99,NULL,NULL,NULL,NULL,NULL,Y
dandrra99,NULL,NULL,NULL,NULL,NULL,Y
barlial99,NULL,NULL,NULL,NULL,NULL,Y
veeckbi99,NULL,NULL,NULL,NULL,NULL,Y
mcgowbi99,NULL,NULL,NULL,NULL,NULL,Y
dayle99,NULL,NULL,NULL,NULL,NULL,Y
hulbewi99,NULL,NULL,NULL,NULL,NULL,Y
fostebi99,NULL,NULL,NULL,NULL,NULL,Y
weaveea99,NULL,NULL,NULL,NULL,NULL,Y
wellswi99,NULL,NULL,NULL,NULL,NULL,Y
macphle99,NULL,NULL,NULL,NULL,NULL,Y
roganbu99,NULL,NULL,NULL,NULL,NULL,Y
chylane99,NULL,NULL,NULL,NULL,NULL,Y
seleefr99,NULL,NULL,NULL,NULL,NULL,Y
willijo99,NULL,NULL,NULL,NULL,NULL,Y
steartu99,NULL,NULL,NULL,NULL,NULL,Y
smithhi99,NULL,NULL,NULL,NULL,NULL,Y
brownra99,NULL,NULL,NULL,NULL,NULL,Y
coopean99,NULL,NULL,NULL,NULL,NULL,Y
grantfr99,NULL,NULL,NULL,NULL,NULL,Y
hillpe99,NULL,NULL,NULL,NULL,NULL,Y
mackebi99,NULL,NULL,NULL,NULL,NULL,Y
manleef99,NULL,NULL,NULL,NULL,NULL,Y
mendejo99,NULL,NULL,NULL,NULL,NULL,Y
pompeal99,NULL,NULL,NULL,NULL,NULL,Y
poseycu99,NULL,NULL,NULL,NULL,NULL,Y
santolo99,NULL,NULL,NULL,NULL,NULL,Y
suttlmu99,NULL,NULL,NULL,NULL,NULL,Y
taylobe99,NULL,NULL,NULL,NULL,NULL,Y
torricr99,NULL,NULL,NULL,NULL,NULL,Y
whiteso99,NULL,NULL,NULL,NULL,NULL,Y
wilkijl99,NULL,NULL,NULL,NULL,NULL,Y
wilsoju99,NULL,NULL,NULL,NULL,NULL,Y
dreyfba99,NULL,NULL,NULL,NULL,NULL,Y
kuhnbo99,NULL,NULL,NULL,NULL,NULL,Y
omallwa99,NULL,NULL,NULL,NULL,NULL,Y
harvedo99,NULL,NULL,NULL,NULL,NULL,Y
gillipa99,NULL,NULL,NULL,NULL,NULL,Y
ruperja99,NULL,NULL,NULL,NULL,NULL,Y
drewj.01,NULL,NULL,NULL,NULL,NULL,N
seligbu99,NULL,NULL,NULL,NULL,NULL,Y
schurjo99,NULL,NULL,NULL,NULL,NULL,Y
